{"_name":"","_level":0,"_clear":[],"_pos":{"x":-24.65326499938965,"y":0.5,"z":63.39936065673828}}