{"_name":"","_level":0,"_clear":[],"_pos":{"x":14.629180908203125,"y":0.5,"z":30.642059326171876},"_sceneName":"GameScene","_stock":[{"instanceID":-15450}]}